productoA,Elaborado a Mano y Maquina
productoB,Elaborado a Mano
productoC,Elaborado a Mano
productoD,Elaborado a Mano y Maquina
productoE,Elaborado a Mano
productoF,Elaborado a Mano
productoG,Elaborado a Mano y Maquina
productoH,Elaborado a Mano y Maquina
productoI,Elaborado a Mano
productoJ,Elaborado a Mano y Maquina
productoK,Elaborado a Mano
productoL,Elaborado a Mano y Maquina
productoM,Elaborado a Mano y Maquina
productoN,Elaborado a Mano y Maquina
productoO,Elaborado a Mano
productoP,Elaborado a Mano
productoQ,Elaborado a Mano
productoR,Elaborado a Mano y Maquina
productoS,Elaborado a Mano y Maquina
productoT,Elaborado a Mano
productoU,Elaborado a Mano y Maquina
productoV,Elaborado a Mano y Maquina
productoW,Elaborado a Mano
productoX,Elaborado a Mano
productoY,Elaborado a Mano
productoZ,Elaborado a Mano y Maquina
